transaction_id,customer_id,product_id,category,revenue,quantity,date,region,channel
T00000,C0052,P027,Food,36.25,4,2025-10-09 06:07:25.128395,North,Mobile
T00001,C0093,P049,Sports,238.32,3,2025-10-09 12:07:25.128395,West,Retail
T00002,C0015,P013,Food,175.3,5,2025-10-09 18:07:25.128395,North,Online
T00003,C0072,P033,Clothing,24.12,1,2025-10-10 00:07:25.128395,North,Retail
T00004,C0061,P034,Books,133.45,3,2025-10-10 06:07:25.128395,North,Retail
T00005,C0021,P041,Electronics,78.38,4,2025-10-10 12:07:25.128395,West,Online
T00006,C0083,P035,Books,76.88,2,2025-10-10 18:07:25.128395,East,Mobile
T00007,C0087,P001,Sports,49.68,1,2025-10-11 00:07:25.128395,North,Retail
T00008,C0075,P021,Electronics,65.64,2,2025-10-11 06:07:25.128395,North,Retail
T00009,C0075,P048,Sports,50.49,3,2025-10-11 12:07:25.128395,West,Mobile
T00010,C0088,P006,Clothing,72.08,5,2025-10-11 18:07:25.128395,East,Mobile
T00011,C0100,P028,Electronics,89.1,5,2025-10-12 00:07:25.128395,North,Online
T00012,C0024,P017,Sports,99.74,4,2025-10-12 06:07:25.128395,South,Mobile
T00013,C0003,P005,Clothing,70.83,5,2025-10-12 12:07:25.128395,West,Mobile
T00014,C0022,P031,Books,112.24,1,2025-10-12 18:07:25.128395,North,Mobile
T00015,C0053,P005,Clothing,22.18,5,2025-10-13 00:07:25.128395,North,Online
T00016,C0002,P038,Food,29.06,4,2025-10-13 06:07:25.128395,South,Mobile
T00017,C0088,P003,Clothing,146.62,3,2025-10-13 12:07:25.128395,South,Mobile
T00018,C0030,P023,Clothing,41.15,3,2025-10-13 18:07:25.128395,West,Online
T00019,C0038,P037,Food,11.85,5,2025-10-14 00:07:25.128395,West,Mobile
T00020,C0002,P037,Sports,23.36,2,2025-10-14 06:07:25.128395,South,Mobile
T00021,C0064,P010,Sports,30.25,3,2025-10-14 12:07:25.128395,West,Online
T00022,C0060,P010,Clothing,262.33,5,2025-10-14 18:07:25.128395,South,Retail
T00023,C0021,P019,Food,78.09,4,2025-10-15 00:07:25.128395,North,Online
T00024,C0033,P017,Food,225.92,5,2025-10-15 06:07:25.128395,South,Mobile
T00025,C0076,P021,Books,78.48,3,2025-10-15 12:07:25.128395,South,Mobile
T00026,C0058,P014,Sports,62.21,4,2025-10-15 18:07:25.128395,East,Mobile
T00027,C0022,P009,Electronics,40.12,5,2025-10-16 00:07:25.128395,South,Online
T00028,C0089,P046,Sports,84.59,1,2025-10-16 06:07:25.128395,South,Mobile
T00029,C0049,P001,Sports,21.99,4,2025-10-16 12:07:25.128395,East,Mobile
T00030,C0091,P045,Books,192.83,1,2025-10-16 18:07:25.128395,West,Online
T00031,C0059,P013,Electronics,151.44,2,2025-10-17 00:07:25.128395,East,Retail
T00032,C0042,P004,Books,40.56,4,2025-10-17 06:07:25.128395,North,Retail
T00033,C0092,P001,Electronics,254.26,1,2025-10-17 12:07:25.128395,East,Mobile
T00034,C0060,P049,Clothing,149.53,3,2025-10-17 18:07:25.128395,North,Online
T00035,C0080,P040,Electronics,97.8,3,2025-10-18 00:07:25.128395,West,Mobile
T00036,C0015,P032,Books,20.39,2,2025-10-18 06:07:25.128395,East,Online
T00037,C0062,P034,Sports,62.04,4,2025-10-18 12:07:25.128395,East,Online
T00038,C0062,P028,Electronics,66.44,4,2025-10-18 18:07:25.128395,West,Retail
T00039,C0047,P031,Electronics,31.17,4,2025-10-19 00:07:25.128395,North,Retail
T00040,C0062,P008,Food,16.67,2,2025-10-19 06:07:25.128395,East,Online
T00041,C0051,P039,Sports,129.95,4,2025-10-19 12:07:25.128395,North,Mobile
T00042,C0055,P026,Clothing,20.41,3,2025-10-19 18:07:25.128395,East,Retail
T00043,C0064,P034,Books,82.17,1,2025-10-20 00:07:25.128395,South,Mobile
T00044,C0003,P003,Clothing,230.47,3,2025-10-20 06:07:25.128395,East,Retail
T00045,C0051,P050,Sports,177.07,3,2025-10-20 12:07:25.128395,West,Retail
T00046,C0007,P012,Electronics,36.03,1,2025-10-20 18:07:25.128395,West,Mobile
T00047,C0021,P001,Electronics,162.55,3,2025-10-21 00:07:25.128395,North,Retail
T00048,C0073,P044,Sports,10.03,2,2025-10-21 06:07:25.128395,East,Retail
T00049,C0039,P005,Electronics,11.43,1,2025-10-21 12:07:25.128395,North,Mobile
T00050,C0018,P030,Electronics,83.82,3,2025-10-21 18:07:25.128395,North,Retail
T00051,C0004,P030,Electronics,46.31,5,2025-10-22 00:07:25.128395,South,Retail
T00052,C0089,P017,Books,49.08,3,2025-10-22 06:07:25.128395,South,Retail
T00053,C0060,P048,Books,76.49,2,2025-10-22 12:07:25.128395,West,Mobile
T00054,C0014,P047,Food,27.03,4,2025-10-22 18:07:25.128395,North,Online
T00055,C0009,P023,Clothing,29.04,3,2025-10-23 00:07:25.128395,West,Mobile
T00056,C0090,P015,Sports,63.03,4,2025-10-23 06:07:25.128395,East,Online
T00057,C0053,P037,Sports,122.28,5,2025-10-23 12:07:25.128395,North,Retail
T00058,C0002,P021,Sports,87.3,3,2025-10-23 18:07:25.128395,North,Online
T00059,C0084,P014,Food,38.23,1,2025-10-24 00:07:25.128395,East,Mobile
T00060,C0092,P002,Books,55.02,4,2025-10-24 06:07:25.128395,East,Mobile
T00061,C0060,P011,Food,24.97,5,2025-10-24 12:07:25.128395,West,Retail
T00062,C0071,P039,Sports,16.2,1,2025-10-24 18:07:25.128395,West,Online
T00063,C0044,P038,Clothing,132.12,1,2025-10-25 00:07:25.128395,East,Retail
T00064,C0008,P034,Electronics,34.67,1,2025-10-25 06:07:25.128395,West,Retail
T00065,C0047,P038,Books,25.66,1,2025-10-25 12:07:25.128395,East,Mobile
T00066,C0035,P050,Books,104.11,3,2025-10-25 18:07:25.128395,North,Online
T00067,C0078,P034,Food,87.0,3,2025-10-26 00:07:25.128395,North,Online
T00068,C0081,P018,Books,90.23,3,2025-10-26 06:07:25.128395,South,Online
T00069,C0036,P030,Sports,30.79,5,2025-10-26 12:07:25.128395,North,Online
T00070,C0050,P015,Sports,31.18,5,2025-10-26 18:07:25.128395,East,Retail
T00071,C0004,P027,Food,29.96,5,2025-10-27 00:07:25.128395,West,Retail
T00072,C0002,P034,Sports,25.27,2,2025-10-27 06:07:25.128395,South,Mobile
T00073,C0006,P038,Clothing,95.3,5,2025-10-27 12:07:25.128395,West,Retail
T00074,C0054,P033,Food,160.72,3,2025-10-27 18:07:25.128395,East,Retail
T00075,C0004,P024,Clothing,113.08,3,2025-10-28 00:07:25.128395,North,Mobile
T00076,C0054,P015,Electronics,135.65,2,2025-10-28 06:07:25.128395,South,Mobile
T00077,C0093,P030,Clothing,51.51,2,2025-10-28 12:07:25.128395,East,Mobile
T00078,C0063,P042,Electronics,94.92,5,2025-10-28 18:07:25.128395,South,Retail
T00079,C0018,P017,Electronics,44.99,4,2025-10-29 00:07:25.128395,South,Retail
T00080,C0090,P005,Clothing,69.64,2,2025-10-29 06:07:25.128395,North,Mobile
T00081,C0044,P029,Food,62.57,1,2025-10-29 12:07:25.128395,East,Mobile
T00082,C0034,P004,Sports,25.57,3,2025-10-29 18:07:25.128395,West,Mobile
T00083,C0074,P010,Sports,49.16,1,2025-10-30 00:07:25.128395,South,Retail
T00084,C0062,P017,Electronics,275.54,3,2025-10-30 06:07:25.128395,South,Retail
T00085,C0100,P010,Electronics,32.86,3,2025-10-30 12:07:25.128395,West,Online
T00086,C0014,P017,Food,21.49,2,2025-10-30 18:07:25.128395,East,Retail
T00087,C0095,P020,Books,53.38,2,2025-10-31 00:07:25.128395,South,Retail
T00088,C0048,P024,Clothing,134.98,1,2025-10-31 06:07:25.128395,South,Retail
T00089,C0015,P005,Electronics,79.81,3,2025-10-31 12:07:25.128395,South,Mobile
T00090,C0072,P034,Sports,101.4,1,2025-10-31 18:07:25.128395,East,Retail
T00091,C0078,P006,Food,26.83,4,2025-11-01 00:07:25.128395,East,Mobile
T00092,C0087,P002,Clothing,87.19,1,2025-11-01 06:07:25.128395,West,Online
T00093,C0062,P013,Food,41.27,5,2025-11-01 12:07:25.128395,East,Online
T00094,C0040,P043,Clothing,153.81,1,2025-11-01 18:07:25.128395,East,Mobile
T00095,C0085,P043,Clothing,89.39,5,2025-11-02 00:07:25.128395,North,Mobile
T00096,C0080,P048,Electronics,27.74,5,2025-11-02 06:07:25.128395,West,Mobile
T00097,C0082,P011,Food,15.34,5,2025-11-02 12:07:25.128395,South,Retail
T00098,C0053,P047,Food,13.49,4,2025-11-02 18:07:25.128395,East,Online
T00099,C0024,P023,Sports,47.14,1,2025-11-03 00:07:25.128395,South,Mobile
T00100,C0026,P016,Sports,34.72,1,2025-11-03 06:07:25.128395,South,Retail
T00101,C0089,P031,Electronics,93.1,4,2025-11-03 12:07:25.128395,North,Online
T00102,C0060,P011,Electronics,65.35,3,2025-11-03 18:07:25.128395,East,Retail
T00103,C0041,P016,Books,34.74,2,2025-11-04 00:07:25.128395,West,Online
T00104,C0029,P008,Sports,22.93,1,2025-11-04 06:07:25.128395,East,Retail
T00105,C0015,P004,Clothing,20.88,2,2025-11-04 12:07:25.128395,South,Online
T00106,C0045,P040,Food,170.0,4,2025-11-04 18:07:25.128395,West,Online
T00107,C0065,P004,Electronics,32.32,3,2025-11-05 00:07:25.128395,East,Retail
T00108,C0089,P025,Food,94.38,3,2025-11-05 06:07:25.128395,South,Mobile
T00109,C0071,P003,Food,143.15,3,2025-11-05 12:07:25.128395,South,Online
T00110,C0009,P032,Books,86.17,4,2025-11-05 18:07:25.128395,North,Mobile
T00111,C0088,P003,Sports,167.04,5,2025-11-06 00:07:25.128395,North,Retail
T00112,C0001,P027,Electronics,49.86,5,2025-11-06 06:07:25.128395,North,Mobile
T00113,C0008,P029,Food,260.29,2,2025-11-06 12:07:25.128395,South,Mobile
T00114,C0088,P032,Electronics,21.43,5,2025-11-06 18:07:25.128395,East,Mobile
T00115,C0063,P050,Clothing,18.62,5,2025-11-07 00:07:25.128395,North,Mobile
T00116,C0011,P019,Books,96.0,3,2025-11-07 06:07:25.128395,East,Mobile
T00117,C0081,P021,Clothing,238.94,3,2025-11-07 12:07:25.128395,North,Online
T00118,C0008,P005,Electronics,142.39,2,2025-11-07 18:07:25.128395,West,Online
T00119,C0035,P018,Electronics,16.36,1,2025-11-08 00:07:25.128395,West,Online
T00120,C0035,P028,Sports,36.21,2,2025-11-08 06:07:25.128395,North,Retail
T00121,C0033,P042,Food,223.11,2,2025-11-08 12:07:25.128395,South,Mobile
T00122,C0005,P022,Food,33.34,4,2025-11-08 18:07:25.128395,North,Online
T00123,C0041,P021,Clothing,131.56,4,2025-11-09 00:07:25.128395,North,Retail
T00124,C0028,P006,Books,149.5,2,2025-11-09 06:07:25.128395,South,Online
T00125,C0007,P001,Food,64.73,2,2025-11-09 12:07:25.128395,West,Online
T00126,C0073,P005,Sports,49.07,2,2025-11-09 18:07:25.128395,East,Mobile
T00127,C0072,P041,Clothing,57.85,5,2025-11-10 00:07:25.128395,North,Retail
T00128,C0012,P012,Clothing,30.59,4,2025-11-10 06:07:25.128395,South,Mobile
T00129,C0034,P026,Sports,186.14,2,2025-11-10 12:07:25.128395,North,Mobile
T00130,C0033,P046,Books,57.92,3,2025-11-10 18:07:25.128395,South,Online
T00131,C0048,P034,Sports,181.28,3,2025-11-11 00:07:25.128395,East,Mobile
T00132,C0023,P049,Books,18.94,5,2025-11-11 06:07:25.128395,East,Retail
T00133,C0062,P014,Sports,365.68,5,2025-11-11 12:07:25.128395,West,Mobile
T00134,C0088,P026,Sports,56.85,1,2025-11-11 18:07:25.128395,South,Mobile
T00135,C0037,P045,Electronics,13.92,1,2025-11-12 00:07:25.128395,South,Mobile
T00136,C0099,P027,Clothing,13.1,1,2025-11-12 06:07:25.128395,West,Online
T00137,C0044,P009,Sports,119.7,5,2025-11-12 12:07:25.128395,West,Retail
T00138,C0086,P026,Sports,96.08,5,2025-11-12 18:07:25.128395,South,Online
T00139,C0091,P047,Food,139.61,5,2025-11-13 00:07:25.128395,West,Online
T00140,C0035,P022,Clothing,18.91,3,2025-11-13 06:07:25.128395,East,Online
T00141,C0065,P047,Food,12.9,5,2025-11-13 12:07:25.128395,North,Online
T00142,C0099,P030,Clothing,66.84,3,2025-11-13 18:07:25.128395,East,Online
T00143,C0047,P043,Food,49.23,1,2025-11-14 00:07:25.128395,West,Retail
T00144,C0078,P048,Sports,59.58,1,2025-11-14 06:07:25.128395,South,Mobile
T00145,C0003,P017,Sports,392.25,1,2025-11-14 12:07:25.128395,South,Online
T00146,C0001,P026,Electronics,292.55,2,2025-11-14 18:07:25.128395,East,Online
T00147,C0005,P036,Food,238.22,2,2025-11-15 00:07:25.128395,South,Retail
T00148,C0090,P001,Books,132.54,4,2025-11-15 06:07:25.128395,West,Retail
T00149,C0014,P008,Electronics,45.06,4,2025-11-15 12:07:25.128395,East,Mobile
T00150,C0027,P049,Food,52.5,4,2025-11-15 18:07:25.128395,South,Retail
T00151,C0009,P035,Food,73.81,2,2025-11-16 00:07:25.128395,North,Mobile
T00152,C0079,P015,Electronics,152.01,2,2025-11-16 06:07:25.128395,North,Online
T00153,C0015,P047,Sports,15.7,4,2025-11-16 12:07:25.128395,West,Online
T00154,C0090,P022,Food,54.17,4,2025-11-16 18:07:25.128395,South,Mobile
T00155,C0042,P014,Sports,16.9,5,2025-11-17 00:07:25.128395,West,Retail
T00156,C0077,P026,Electronics,67.83,4,2025-11-17 06:07:25.128395,East,Mobile
T00157,C0051,P028,Sports,193.33,5,2025-11-17 12:07:25.128395,North,Retail
T00158,C0063,P023,Clothing,132.04,3,2025-11-17 18:07:25.128395,East,Online
T00159,C0096,P014,Books,30.69,2,2025-11-18 00:07:25.128395,South,Retail
T00160,C0052,P024,Food,308.35,4,2025-11-18 06:07:25.128395,West,Mobile
T00161,C0096,P002,Books,98.05,2,2025-11-18 12:07:25.128395,West,Mobile
T00162,C0004,P045,Sports,10.84,2,2025-11-18 18:07:25.128395,West,Online
T00163,C0094,P026,Food,33.59,2,2025-11-19 00:07:25.128395,East,Retail
T00164,C0023,P014,Sports,34.17,3,2025-11-19 06:07:25.128395,North,Retail
T00165,C0015,P007,Clothing,15.74,1,2025-11-19 12:07:25.128395,East,Retail
T00166,C0043,P003,Electronics,267.16,4,2025-11-19 18:07:25.128395,East,Online
T00167,C0029,P047,Food,62.05,1,2025-11-20 00:07:25.128395,South,Retail
T00168,C0036,P023,Clothing,190.93,1,2025-11-20 06:07:25.128395,South,Mobile
T00169,C0013,P046,Clothing,41.11,1,2025-11-20 12:07:25.128395,South,Retail
T00170,C0032,P043,Food,20.7,2,2025-11-20 18:07:25.128395,North,Online
T00171,C0071,P047,Sports,61.45,5,2025-11-21 00:07:25.128395,North,Retail
T00172,C0059,P045,Clothing,19.68,2,2025-11-21 06:07:25.128395,South,Retail
T00173,C0086,P018,Books,63.24,2,2025-11-21 12:07:25.128395,South,Mobile
T00174,C0028,P038,Clothing,212.36,1,2025-11-21 18:07:25.128395,North,Retail
T00175,C0066,P035,Sports,68.85,2,2025-11-22 00:07:25.128395,West,Mobile
T00176,C0042,P015,Sports,86.67,1,2025-11-22 06:07:25.128395,North,Mobile
T00177,C0045,P025,Books,23.63,5,2025-11-22 12:07:25.128395,North,Online
T00178,C0062,P037,Clothing,13.58,4,2025-11-22 18:07:25.128395,North,Mobile
T00179,C0057,P028,Sports,19.4,1,2025-11-23 00:07:25.128395,South,Mobile
T00180,C0006,P010,Food,83.01,5,2025-11-23 06:07:25.128395,West,Online
T00181,C0028,P039,Electronics,17.99,4,2025-11-23 12:07:25.128395,North,Mobile
T00182,C0028,P017,Electronics,47.73,3,2025-11-23 18:07:25.128395,South,Online
T00183,C0044,P039,Electronics,73.9,1,2025-11-24 00:07:25.128395,East,Retail
T00184,C0084,P022,Clothing,49.37,1,2025-11-24 06:07:25.128395,East,Online
T00185,C0030,P026,Books,24.3,3,2025-11-24 12:07:25.128395,North,Mobile
T00186,C0062,P044,Sports,35.59,3,2025-11-24 18:07:25.128395,East,Online
T00187,C0075,P025,Food,220.84,1,2025-11-25 00:07:25.128395,West,Mobile
T00188,C0092,P017,Food,100.16,3,2025-11-25 06:07:25.128395,East,Retail
T00189,C0089,P013,Clothing,64.82,2,2025-11-25 12:07:25.128395,East,Online
T00190,C0062,P020,Electronics,11.02,4,2025-11-25 18:07:25.128395,West,Retail
T00191,C0097,P025,Clothing,400.53,4,2025-11-26 00:07:25.128395,North,Mobile
T00192,C0001,P004,Books,99.05,4,2025-11-26 06:07:25.128395,North,Mobile
T00193,C0027,P010,Books,40.49,2,2025-11-26 12:07:25.128395,West,Retail
T00194,C0062,P003,Sports,179.14,3,2025-11-26 18:07:25.128395,West,Online
T00195,C0077,P041,Sports,33.92,5,2025-11-27 00:07:25.128395,West,Online
T00196,C0003,P045,Books,72.82,3,2025-11-27 06:07:25.128395,East,Mobile
T00197,C0070,P018,Books,90.86,1,2025-11-27 12:07:25.128395,West,Retail
T00198,C0072,P047,Books,29.99,4,2025-11-27 18:07:25.128395,South,Retail
T00199,C0027,P036,Clothing,316.79,3,2025-11-28 00:07:25.128395,East,Online
T00200,C0009,P047,Books,120.33,5,2025-11-28 06:07:25.128395,North,Online
T00201,C0062,P022,Food,75.28,1,2025-11-28 12:07:25.128395,North,Online
T00202,C0037,P034,Electronics,25.93,2,2025-11-28 18:07:25.128395,North,Retail
T00203,C0097,P047,Books,14.43,2,2025-11-29 00:07:25.128395,East,Online
T00204,C0051,P008,Electronics,40.86,5,2025-11-29 06:07:25.128395,South,Online
T00205,C0044,P040,Clothing,121.93,1,2025-11-29 12:07:25.128395,West,Mobile
T00206,C0024,P049,Electronics,35.1,4,2025-11-29 18:07:25.128395,West,Online
T00207,C0079,P044,Clothing,72.05,3,2025-11-30 00:07:25.128395,North,Online
T00208,C0059,P019,Food,114.14,1,2025-11-30 06:07:25.128395,North,Retail
T00209,C0032,P042,Clothing,19.14,2,2025-11-30 12:07:25.128395,East,Retail
T00210,C0096,P041,Clothing,102.49,5,2025-11-30 18:07:25.128395,South,Mobile
T00211,C0088,P037,Sports,17.71,5,2025-12-01 00:07:25.128395,West,Online
T00212,C0052,P006,Books,278.49,3,2025-12-01 06:07:25.128395,East,Mobile
T00213,C0062,P026,Books,63.62,5,2025-12-01 12:07:25.128395,West,Retail
T00214,C0058,P034,Food,23.07,5,2025-12-01 18:07:25.128395,North,Mobile
T00215,C0052,P045,Food,43.53,1,2025-12-02 00:07:25.128395,West,Retail
T00216,C0012,P006,Books,52.68,4,2025-12-02 06:07:25.128395,South,Mobile
T00217,C0039,P037,Sports,123.57,3,2025-12-02 12:07:25.128395,South,Mobile
T00218,C0002,P033,Books,118.83,1,2025-12-02 18:07:25.128395,North,Online
T00219,C0003,P022,Sports,85.73,4,2025-12-03 00:07:25.128395,South,Mobile
T00220,C0056,P021,Food,18.96,1,2025-12-03 06:07:25.128395,South,Online
T00221,C0081,P006,Electronics,23.15,1,2025-12-03 12:07:25.128395,East,Online
T00222,C0059,P006,Food,17.88,5,2025-12-03 18:07:25.128395,West,Online
T00223,C0002,P048,Food,78.86,4,2025-12-04 00:07:25.128395,North,Online
T00224,C0002,P004,Clothing,177.74,3,2025-12-04 06:07:25.128395,North,Mobile
T00225,C0092,P030,Clothing,55.5,3,2025-12-04 12:07:25.128395,North,Retail
T00226,C0054,P011,Clothing,24.03,4,2025-12-04 18:07:25.128395,North,Retail
T00227,C0087,P030,Clothing,75.32,5,2025-12-05 00:07:25.128395,North,Retail
T00228,C0096,P031,Sports,143.6,2,2025-12-05 06:07:25.128395,South,Mobile
T00229,C0097,P024,Books,118.29,1,2025-12-05 12:07:25.128395,East,Online
T00230,C0001,P009,Electronics,180.59,5,2025-12-05 18:07:25.128395,North,Retail
T00231,C0019,P003,Food,36.05,4,2025-12-06 00:07:25.128395,East,Mobile
T00232,C0002,P031,Sports,27.25,1,2025-12-06 06:07:25.128395,East,Online
T00233,C0053,P040,Electronics,179.5,3,2025-12-06 12:07:25.128395,South,Retail
T00234,C0044,P037,Sports,95.73,2,2025-12-06 18:07:25.128395,North,Online
T00235,C0090,P036,Sports,39.79,3,2025-12-07 00:07:25.128395,South,Retail
T00236,C0032,P024,Food,118.49,4,2025-12-07 06:07:25.128395,North,Retail
T00237,C0070,P031,Books,145.04,1,2025-12-07 12:07:25.128395,South,Retail
T00238,C0032,P006,Clothing,86.36,4,2025-12-07 18:07:25.128395,East,Online
T00239,C0068,P002,Books,103.15,1,2025-12-08 00:07:25.128395,North,Mobile
T00240,C0055,P020,Food,47.63,5,2025-12-08 06:07:25.128395,West,Online
T00241,C0075,P028,Food,71.9,2,2025-12-08 12:07:25.128395,East,Retail
T00242,C0056,P011,Food,69.41,5,2025-12-08 18:07:25.128395,West,Online
T00243,C0017,P004,Electronics,160.74,5,2025-12-09 00:07:25.128395,East,Mobile
T00244,C0038,P015,Books,156.59,4,2025-12-09 06:07:25.128395,South,Online
T00245,C0024,P006,Books,153.03,2,2025-12-09 12:07:25.128395,North,Mobile
T00246,C0069,P049,Sports,10.89,1,2025-12-09 18:07:25.128395,East,Mobile
T00247,C0098,P030,Sports,120.76,1,2025-12-10 00:07:25.128395,South,Online
T00248,C0070,P038,Sports,123.73,3,2025-12-10 06:07:25.128395,North,Retail
T00249,C0086,P002,Food,100.75,1,2025-12-10 12:07:25.128395,North,Mobile
T00250,C0011,P015,Books,122.93,4,2025-12-10 18:07:25.128395,East,Online
T00251,C0016,P011,Food,157.6,5,2025-12-11 00:07:25.128395,North,Mobile
T00252,C0097,P008,Electronics,60.84,5,2025-12-11 06:07:25.128395,East,Retail
T00253,C0073,P026,Sports,65.78,5,2025-12-11 12:07:25.128395,North,Online
T00254,C0059,P045,Food,20.66,2,2025-12-11 18:07:25.128395,West,Online
T00255,C0070,P044,Food,48.94,1,2025-12-12 00:07:25.128395,South,Online
T00256,C0080,P005,Electronics,92.48,4,2025-12-12 06:07:25.128395,West,Retail
T00257,C0093,P006,Clothing,131.28,2,2025-12-12 12:07:25.128395,East,Mobile
T00258,C0003,P026,Books,29.59,3,2025-12-12 18:07:25.128395,West,Online
T00259,C0020,P004,Clothing,21.86,4,2025-12-13 00:07:25.128395,East,Mobile
T00260,C0059,P019,Sports,97.02,4,2025-12-13 06:07:25.128395,North,Mobile
T00261,C0036,P020,Food,10.15,4,2025-12-13 12:07:25.128395,North,Retail
T00262,C0019,P033,Electronics,25.72,5,2025-12-13 18:07:25.128395,East,Online
T00263,C0090,P020,Electronics,12.36,4,2025-12-14 00:07:25.128395,West,Mobile
T00264,C0067,P049,Books,24.61,1,2025-12-14 06:07:25.128395,North,Online
T00265,C0019,P012,Clothing,26.0,4,2025-12-14 12:07:25.128395,South,Online
T00266,C0020,P047,Books,49.24,5,2025-12-14 18:07:25.128395,North,Retail
T00267,C0096,P001,Food,51.18,4,2025-12-15 00:07:25.128395,South,Online
T00268,C0071,P026,Books,175.88,3,2025-12-15 06:07:25.128395,West,Online
T00269,C0052,P014,Electronics,67.09,3,2025-12-15 12:07:25.128395,South,Mobile
T00270,C0033,P038,Electronics,112.82,5,2025-12-15 18:07:25.128395,South,Retail
T00271,C0040,P037,Sports,18.8,1,2025-12-16 00:07:25.128395,South,Online
T00272,C0039,P011,Sports,30.44,1,2025-12-16 06:07:25.128395,South,Mobile
T00273,C0082,P036,Food,107.11,2,2025-12-16 12:07:25.128395,North,Retail
T00274,C0001,P013,Clothing,14.34,5,2025-12-16 18:07:25.128395,South,Retail
T00275,C0011,P043,Books,63.34,4,2025-12-17 00:07:25.128395,North,Mobile
T00276,C0092,P003,Food,83.18,5,2025-12-17 06:07:25.128395,South,Mobile
T00277,C0057,P033,Sports,83.73,2,2025-12-17 12:07:25.128395,East,Mobile
T00278,C0089,P006,Books,11.86,5,2025-12-17 18:07:25.128395,West,Mobile
T00279,C0050,P050,Sports,41.1,5,2025-12-18 00:07:25.128395,South,Mobile
T00280,C0023,P010,Books,90.96,2,2025-12-18 06:07:25.128395,East,Online
T00281,C0031,P005,Clothing,22.91,1,2025-12-18 12:07:25.128395,South,Online
T00282,C0094,P023,Food,105.1,4,2025-12-18 18:07:25.128395,South,Retail
T00283,C0042,P010,Books,119.61,2,2025-12-19 00:07:25.128395,South,Online
T00284,C0099,P044,Electronics,331.25,3,2025-12-19 06:07:25.128395,East,Online
T00285,C0007,P002,Electronics,28.84,1,2025-12-19 12:07:25.128395,West,Online
T00286,C0016,P013,Books,149.5,3,2025-12-19 18:07:25.128395,East,Mobile
T00287,C0090,P040,Books,68.77,1,2025-12-20 00:07:25.128395,West,Retail
T00288,C0060,P002,Books,47.4,4,2025-12-20 06:07:25.128395,South,Retail
T00289,C0002,P020,Electronics,20.44,4,2025-12-20 12:07:25.128395,North,Retail
T00290,C0001,P001,Electronics,116.39,5,2025-12-20 18:07:25.128395,South,Retail
T00291,C0048,P037,Books,31.52,3,2025-12-21 00:07:25.128395,West,Online
T00292,C0012,P009,Sports,47.14,1,2025-12-21 06:07:25.128395,East,Online
T00293,C0069,P017,Sports,15.17,4,2025-12-21 12:07:25.128395,South,Mobile
T00294,C0037,P009,Clothing,139.3,2,2025-12-21 18:07:25.128395,East,Retail
T00295,C0032,P011,Food,126.4,4,2025-12-22 00:07:25.128395,East,Online
T00296,C0009,P015,Sports,115.83,2,2025-12-22 06:07:25.128395,East,Online
T00297,C0099,P024,Electronics,38.47,1,2025-12-22 12:07:25.128395,South,Mobile
T00298,C0019,P038,Sports,25.24,4,2025-12-22 18:07:25.128395,East,Mobile
T00299,C0048,P035,Clothing,91.19,4,2025-12-23 00:07:25.128395,East,Mobile
T00300,C0080,P030,Clothing,64.84,1,2025-12-23 06:07:25.128395,South,Online
T00301,C0003,P031,Food,25.71,4,2025-12-23 12:07:25.128395,East,Online
T00302,C0020,P049,Sports,102.65,2,2025-12-23 18:07:25.128395,South,Mobile
T00303,C0024,P005,Electronics,387.97,4,2025-12-24 00:07:25.128395,West,Retail
T00304,C0054,P044,Electronics,120.02,3,2025-12-24 06:07:25.128395,West,Mobile
T00305,C0033,P050,Books,117.76,5,2025-12-24 12:07:25.128395,West,Mobile
T00306,C0024,P014,Electronics,250.16,2,2025-12-24 18:07:25.128395,East,Mobile
T00307,C0075,P011,Food,28.15,3,2025-12-25 00:07:25.128395,North,Mobile
T00308,C0072,P009,Food,76.69,1,2025-12-25 06:07:25.128395,North,Online
T00309,C0036,P034,Electronics,321.56,2,2025-12-25 12:07:25.128395,East,Retail
T00310,C0038,P012,Electronics,24.45,5,2025-12-25 18:07:25.128395,North,Mobile
T00311,C0084,P035,Books,106.39,5,2025-12-26 00:07:25.128395,South,Retail
T00312,C0099,P035,Electronics,80.51,1,2025-12-26 06:07:25.128395,North,Retail
T00313,C0089,P001,Books,80.64,1,2025-12-26 12:07:25.128395,East,Retail
T00314,C0099,P040,Books,105.7,2,2025-12-26 18:07:25.128395,East,Mobile
T00315,C0025,P022,Electronics,222.3,4,2025-12-27 00:07:25.128395,South,Online
T00316,C0093,P029,Clothing,132.07,1,2025-12-27 06:07:25.128395,West,Mobile
T00317,C0018,P008,Clothing,14.62,4,2025-12-27 12:07:25.128395,East,Retail
T00318,C0082,P011,Books,163.24,3,2025-12-27 18:07:25.128395,South,Retail
T00319,C0066,P041,Electronics,30.45,5,2025-12-28 00:07:25.128395,North,Online
T00320,C0054,P037,Clothing,47.85,4,2025-12-28 06:07:25.128395,North,Mobile
T00321,C0035,P014,Electronics,59.55,5,2025-12-28 12:07:25.128395,South,Retail
T00322,C0080,P030,Electronics,62.45,4,2025-12-28 18:07:25.128395,South,Online
T00323,C0061,P035,Electronics,55.7,3,2025-12-29 00:07:25.128395,East,Retail
T00324,C0041,P021,Sports,231.62,1,2025-12-29 06:07:25.128395,North,Online
T00325,C0100,P037,Electronics,107.94,3,2025-12-29 12:07:25.128395,South,Online
T00326,C0033,P005,Sports,89.79,1,2025-12-29 18:07:25.128395,North,Mobile
T00327,C0068,P019,Books,14.09,1,2025-12-30 00:07:25.128395,South,Retail
T00328,C0033,P014,Clothing,197.4,5,2025-12-30 06:07:25.128395,North,Mobile
T00329,C0014,P026,Clothing,202.1,3,2025-12-30 12:07:25.128395,West,Retail
T00330,C0021,P004,Clothing,131.21,4,2025-12-30 18:07:25.128395,East,Mobile
T00331,C0048,P025,Clothing,10.56,3,2025-12-31 00:07:25.128395,North,Retail
T00332,C0020,P045,Clothing,14.72,5,2025-12-31 06:07:25.128395,West,Mobile
T00333,C0008,P042,Clothing,30.41,1,2025-12-31 12:07:25.128395,North,Online
T00334,C0007,P025,Clothing,21.27,5,2025-12-31 18:07:25.128395,North,Retail
T00335,C0067,P018,Books,50.71,2,2026-01-01 00:07:25.128395,West,Retail
T00336,C0017,P040,Electronics,214.73,2,2026-01-01 06:07:25.128395,North,Online
T00337,C0033,P008,Food,61.1,4,2026-01-01 12:07:25.128395,North,Mobile
T00338,C0048,P039,Sports,11.08,5,2026-01-01 18:07:25.128395,East,Retail
T00339,C0076,P040,Food,36.59,4,2026-01-02 00:07:25.128395,West,Retail
T00340,C0059,P014,Food,13.65,4,2026-01-02 06:07:25.128395,West,Mobile
T00341,C0086,P032,Electronics,12.96,2,2026-01-02 12:07:25.128395,South,Online
T00342,C0022,P038,Electronics,35.81,4,2026-01-02 18:07:25.128395,North,Mobile
T00343,C0030,P033,Electronics,35.79,2,2026-01-03 00:07:25.128395,East,Mobile
T00344,C0038,P023,Clothing,133.76,1,2026-01-03 06:07:25.128395,North,Mobile
T00345,C0051,P015,Books,304.58,5,2026-01-03 12:07:25.128395,North,Retail
T00346,C0054,P033,Clothing,47.12,4,2026-01-03 18:07:25.128395,South,Online
T00347,C0008,P025,Books,54.81,2,2026-01-04 00:07:25.128395,North,Online
T00348,C0027,P017,Books,159.04,3,2026-01-04 06:07:25.128395,East,Mobile
T00349,C0027,P033,Food,34.97,4,2026-01-04 12:07:25.128395,East,Retail
T00350,C0098,P047,Food,23.6,1,2026-01-04 18:07:25.128395,South,Mobile
T00351,C0021,P002,Books,163.43,1,2026-01-05 00:07:25.128395,North,Retail
T00352,C0030,P014,Books,13.81,3,2026-01-05 06:07:25.128395,East,Retail
T00353,C0097,P040,Clothing,87.34,2,2026-01-05 12:07:25.128395,North,Retail
T00354,C0028,P040,Clothing,76.04,4,2026-01-05 18:07:25.128395,North,Retail
T00355,C0064,P039,Food,43.96,2,2026-01-06 00:07:25.128395,North,Online
T00356,C0097,P006,Electronics,40.29,1,2026-01-06 06:07:25.128395,South,Retail
T00357,C0069,P006,Books,128.22,2,2026-01-06 12:07:25.128395,North,Retail
T00358,C0061,P003,Clothing,17.23,1,2026-01-06 18:07:25.128395,East,Mobile
T00359,C0048,P007,Food,31.62,2,2026-01-07 00:07:25.128395,North,Mobile
T00360,C0019,P008,Clothing,115.48,3,2026-01-07 06:07:25.128395,East,Online
T00361,C0004,P042,Books,73.58,5,2026-01-07 12:07:25.128395,North,Mobile
T00362,C0035,P015,Books,20.96,3,2026-01-07 18:07:25.128395,East,Retail
T00363,C0064,P047,Sports,181.06,3,2026-01-08 00:07:25.128395,East,Mobile
T00364,C0049,P029,Electronics,50.0,5,2026-01-08 06:07:25.128395,North,Online
T00365,C0017,P033,Sports,150.76,5,2026-01-08 12:07:25.128395,North,Mobile
T00366,C0044,P030,Food,133.99,4,2026-01-08 18:07:25.128395,East,Mobile
T00367,C0092,P039,Clothing,88.34,4,2026-01-09 00:07:25.128395,West,Online
T00368,C0030,P027,Food,64.57,3,2026-01-09 06:07:25.128395,South,Online
T00369,C0093,P036,Books,321.19,3,2026-01-09 12:07:25.128395,West,Retail
T00370,C0046,P029,Sports,22.53,1,2026-01-09 18:07:25.128395,West,Mobile
T00371,C0006,P038,Sports,113.32,1,2026-01-10 00:07:25.128395,North,Retail
T00372,C0099,P033,Sports,26.98,4,2026-01-10 06:07:25.128395,South,Mobile
T00373,C0037,P037,Food,43.03,4,2026-01-10 12:07:25.128395,West,Mobile
T00374,C0024,P027,Books,39.53,1,2026-01-10 18:07:25.128395,North,Retail
T00375,C0093,P033,Clothing,245.05,1,2026-01-11 00:07:25.128395,West,Mobile
T00376,C0046,P004,Clothing,283.77,2,2026-01-11 06:07:25.128395,West,Mobile
T00377,C0053,P022,Food,26.17,2,2026-01-11 12:07:25.128395,North,Mobile
T00378,C0095,P002,Sports,11.78,1,2026-01-11 18:07:25.128395,North,Online
T00379,C0099,P010,Electronics,111.84,2,2026-01-12 00:07:25.128395,North,Retail
T00380,C0060,P005,Food,53.3,5,2026-01-12 06:07:25.128395,South,Online
T00381,C0097,P010,Food,17.44,4,2026-01-12 12:07:25.128395,West,Retail
T00382,C0063,P033,Books,102.1,4,2026-01-12 18:07:25.128395,North,Retail
T00383,C0085,P038,Clothing,73.02,1,2026-01-13 00:07:25.128395,East,Mobile
T00384,C0032,P013,Food,325.06,3,2026-01-13 06:07:25.128395,West,Retail
T00385,C0087,P031,Food,30.64,1,2026-01-13 12:07:25.128395,East,Online
T00386,C0033,P047,Sports,51.4,2,2026-01-13 18:07:25.128395,South,Online
T00387,C0067,P036,Sports,72.57,3,2026-01-14 00:07:25.128395,North,Online
T00388,C0018,P045,Electronics,135.5,2,2026-01-14 06:07:25.128395,East,Retail
T00389,C0025,P024,Books,73.67,5,2026-01-14 12:07:25.128395,South,Online
T00390,C0095,P015,Electronics,85.93,2,2026-01-14 18:07:25.128395,North,Retail
T00391,C0054,P029,Sports,30.51,5,2026-01-15 00:07:25.128395,East,Online
T00392,C0058,P008,Clothing,160.14,5,2026-01-15 06:07:25.128395,East,Online
T00393,C0067,P005,Sports,54.78,2,2026-01-15 12:07:25.128395,South,Retail
T00394,C0046,P029,Books,22.16,2,2026-01-15 18:07:25.128395,North,Online
T00395,C0024,P047,Sports,97.3,5,2026-01-16 00:07:25.128395,North,Mobile
T00396,C0032,P004,Books,29.48,3,2026-01-16 06:07:25.128395,East,Retail
T00397,C0047,P012,Books,18.21,5,2026-01-16 12:07:25.128395,East,Retail
T00398,C0086,P045,Books,168.43,4,2026-01-16 18:07:25.128395,East,Retail
T00399,C0023,P002,Books,59.32,5,2026-01-17 00:07:25.128395,North,Mobile
T00400,C0066,P027,Books,120.67,3,2026-01-17 06:07:25.128395,South,Retail
T00401,C0027,P031,Clothing,37.47,4,2026-01-17 12:07:25.128395,South,Online
T00402,C0002,P036,Electronics,133.71,1,2026-01-17 18:07:25.128395,North,Online
T00403,C0090,P036,Food,19.5,1,2026-01-18 00:07:25.128395,West,Online
T00404,C0017,P026,Electronics,45.2,3,2026-01-18 06:07:25.128395,South,Retail
T00405,C0033,P043,Books,315.56,5,2026-01-18 12:07:25.128395,East,Online
T00406,C0009,P027,Clothing,136.39,2,2026-01-18 18:07:25.128395,West,Retail
T00407,C0043,P005,Sports,65.01,3,2026-01-19 00:07:25.128395,West,Online
T00408,C0048,P020,Clothing,43.21,4,2026-01-19 06:07:25.128395,South,Mobile
T00409,C0039,P011,Books,174.54,4,2026-01-19 12:07:25.128395,West,Mobile
T00410,C0093,P010,Clothing,72.97,1,2026-01-19 18:07:25.128395,West,Mobile
T00411,C0042,P040,Clothing,123.65,4,2026-01-20 00:07:25.128395,South,Mobile
T00412,C0026,P038,Books,122.23,3,2026-01-20 06:07:25.128395,South,Retail
T00413,C0099,P006,Clothing,11.45,4,2026-01-20 12:07:25.128395,West,Online
T00414,C0050,P008,Food,20.8,3,2026-01-20 18:07:25.128395,East,Mobile
T00415,C0025,P023,Food,96.22,2,2026-01-21 00:07:25.128395,North,Retail
T00416,C0024,P047,Clothing,24.1,1,2026-01-21 06:07:25.128395,West,Mobile
T00417,C0013,P026,Sports,33.6,4,2026-01-21 12:07:25.128395,West,Mobile
T00418,C0060,P046,Books,244.45,3,2026-01-21 18:07:25.128395,East,Retail
T00419,C0007,P043,Food,75.71,5,2026-01-22 00:07:25.128395,West,Retail
T00420,C0057,P012,Sports,121.14,1,2026-01-22 06:07:25.128395,West,Online
T00421,C0036,P026,Clothing,75.31,2,2026-01-22 12:07:25.128395,North,Online
T00422,C0045,P013,Sports,74.33,3,2026-01-22 18:07:25.128395,North,Mobile
T00423,C0020,P040,Electronics,17.91,2,2026-01-23 00:07:25.128395,North,Mobile
T00424,C0065,P018,Food,43.69,2,2026-01-23 06:07:25.128395,South,Online
T00425,C0008,P025,Clothing,36.55,4,2026-01-23 12:07:25.128395,South,Online
T00426,C0016,P033,Books,49.64,4,2026-01-23 18:07:25.128395,North,Retail
T00427,C0014,P047,Clothing,138.1,3,2026-01-24 00:07:25.128395,North,Online
T00428,C0076,P040,Books,47.21,5,2026-01-24 06:07:25.128395,South,Online
T00429,C0087,P043,Clothing,58.07,3,2026-01-24 12:07:25.128395,East,Mobile
T00430,C0015,P012,Sports,50.52,5,2026-01-24 18:07:25.128395,West,Online
T00431,C0092,P044,Sports,17.85,2,2026-01-25 00:07:25.128395,West,Mobile
T00432,C0098,P036,Sports,56.54,1,2026-01-25 06:07:25.128395,North,Online
T00433,C0066,P048,Electronics,27.41,3,2026-01-25 12:07:25.128395,East,Retail
T00434,C0032,P004,Books,26.53,3,2026-01-25 18:07:25.128395,South,Online
T00435,C0087,P005,Sports,17.9,5,2026-01-26 00:07:25.128395,North,Online
T00436,C0063,P037,Electronics,45.29,2,2026-01-26 06:07:25.128395,East,Online
T00437,C0086,P008,Books,123.33,2,2026-01-26 12:07:25.128395,East,Mobile
T00438,C0051,P042,Clothing,35.89,5,2026-01-26 18:07:25.128395,East,Retail
T00439,C0025,P049,Electronics,39.96,2,2026-01-27 00:07:25.128395,South,Online
T00440,C0058,P028,Food,92.33,4,2026-01-27 06:07:25.128395,South,Mobile
T00441,C0063,P031,Electronics,27.44,1,2026-01-27 12:07:25.128395,West,Retail
T00442,C0062,P009,Electronics,191.81,3,2026-01-27 18:07:25.128395,West,Mobile
T00443,C0022,P029,Books,68.75,1,2026-01-28 00:07:25.128395,East,Mobile
T00444,C0058,P014,Clothing,57.48,3,2026-01-28 06:07:25.128395,East,Retail
T00445,C0058,P040,Food,75.28,4,2026-01-28 12:07:25.128395,South,Online
T00446,C0086,P041,Sports,24.53,2,2026-01-28 18:07:25.128395,West,Mobile
T00447,C0049,P022,Sports,86.04,5,2026-01-29 00:07:25.128395,East,Mobile
T00448,C0052,P011,Electronics,46.09,4,2026-01-29 06:07:25.128395,West,Online
T00449,C0042,P023,Books,191.99,1,2026-01-29 12:07:25.128395,West,Online
T00450,C0070,P001,Books,24.8,5,2026-01-29 18:07:25.128395,East,Retail
T00451,C0015,P046,Sports,66.59,2,2026-01-30 00:07:25.128395,South,Retail
T00452,C0054,P037,Food,82.93,4,2026-01-30 06:07:25.128395,East,Retail
T00453,C0060,P021,Clothing,12.72,5,2026-01-30 12:07:25.128395,East,Online
T00454,C0097,P026,Food,46.17,4,2026-01-30 18:07:25.128395,West,Mobile
T00455,C0008,P046,Clothing,115.53,4,2026-01-31 00:07:25.128395,East,Mobile
T00456,C0053,P036,Sports,147.35,2,2026-01-31 06:07:25.128395,South,Retail
T00457,C0060,P023,Clothing,40.05,3,2026-01-31 12:07:25.128395,East,Online
T00458,C0005,P001,Books,138.19,5,2026-01-31 18:07:25.128395,South,Mobile
T00459,C0068,P040,Electronics,284.75,2,2026-02-01 00:07:25.128395,South,Retail
T00460,C0006,P015,Electronics,165.52,4,2026-02-01 06:07:25.128395,West,Mobile
T00461,C0096,P021,Sports,20.01,2,2026-02-01 12:07:25.128395,North,Mobile
T00462,C0094,P047,Books,117.68,3,2026-02-01 18:07:25.128395,North,Online
T00463,C0047,P009,Food,40.81,5,2026-02-02 00:07:25.128395,West,Online
T00464,C0099,P009,Books,366.65,3,2026-02-02 06:07:25.128395,East,Mobile
T00465,C0055,P010,Electronics,63.14,1,2026-02-02 12:07:25.128395,West,Retail
T00466,C0040,P026,Electronics,20.45,5,2026-02-02 18:07:25.128395,South,Online
T00467,C0052,P041,Books,113.33,3,2026-02-03 00:07:25.128395,North,Mobile
T00468,C0016,P035,Books,41.21,4,2026-02-03 06:07:25.128395,West,Online
T00469,C0013,P025,Electronics,476.84,5,2026-02-03 12:07:25.128395,East,Online
T00470,C0030,P026,Food,322.1,5,2026-02-03 18:07:25.128395,West,Online
T00471,C0019,P011,Sports,95.4,2,2026-02-04 00:07:25.128395,North,Mobile
T00472,C0017,P038,Sports,21.13,4,2026-02-04 06:07:25.128395,West,Retail
T00473,C0063,P002,Books,102.89,1,2026-02-04 12:07:25.128395,West,Retail
T00474,C0019,P007,Sports,17.81,3,2026-02-04 18:07:25.128395,North,Retail
T00475,C0092,P018,Electronics,12.38,2,2026-02-05 00:07:25.128395,South,Online
T00476,C0058,P027,Electronics,148.51,3,2026-02-05 06:07:25.128395,South,Mobile
T00477,C0055,P034,Books,28.83,1,2026-02-05 12:07:25.128395,North,Online
T00478,C0090,P027,Books,48.12,1,2026-02-05 18:07:25.128395,West,Retail
T00479,C0090,P017,Books,300.32,5,2026-02-06 00:07:25.128395,North,Retail
T00480,C0062,P043,Food,42.86,1,2026-02-06 06:07:25.128395,South,Mobile
T00481,C0023,P044,Sports,38.13,3,2026-02-06 12:07:25.128395,East,Online
T00482,C0009,P024,Books,210.29,4,2026-02-06 18:07:25.128395,West,Retail
T00483,C0012,P025,Clothing,19.39,4,2026-02-07 00:07:25.128395,South,Mobile
T00484,C0001,P007,Clothing,124.03,5,2026-02-07 06:07:25.128395,West,Online
T00485,C0058,P006,Electronics,364.27,3,2026-02-07 12:07:25.128395,North,Online
T00486,C0001,P024,Sports,195.25,3,2026-02-07 18:07:25.128395,East,Retail
T00487,C0034,P033,Books,94.37,1,2026-02-08 00:07:25.128395,North,Retail
T00488,C0096,P049,Clothing,40.16,3,2026-02-08 06:07:25.128395,East,Online
T00489,C0048,P029,Sports,33.48,2,2026-02-08 12:07:25.128395,West,Online
T00490,C0089,P043,Electronics,146.85,1,2026-02-08 18:07:25.128395,West,Retail
T00491,C0001,P022,Food,179.5,2,2026-02-09 00:07:25.128395,North,Online
T00492,C0016,P026,Sports,69.63,5,2026-02-09 06:07:25.128395,East,Retail
T00493,C0061,P028,Sports,32.41,4,2026-02-09 12:07:25.128395,East,Online
T00494,C0064,P050,Food,19.59,5,2026-02-09 18:07:25.128395,West,Retail
T00495,C0063,P021,Sports,17.3,4,2026-02-10 00:07:25.128395,North,Mobile
T00496,C0069,P049,Electronics,111.57,5,2026-02-10 06:07:25.128395,East,Retail
T00497,C0022,P007,Electronics,53.59,3,2026-02-10 12:07:25.128395,West,Retail
T00498,C0093,P017,Food,198.61,2,2026-02-10 18:07:25.128395,South,Mobile
T00499,C0067,P020,Books,117.66,4,2026-02-11 00:07:25.128395,North,Online
T00500,C0076,P041,Clothing,26.98,1,2026-02-11 06:07:25.128395,South,Mobile
T00501,C0026,P049,Books,86.11,2,2026-02-11 12:07:25.128395,North,Retail
T00502,C0016,P020,Sports,55.75,1,2026-02-11 18:07:25.128395,West,Online
T00503,C0051,P022,Clothing,78.88,2,2026-02-12 00:07:25.128395,East,Mobile
T00504,C0086,P028,Food,117.17,2,2026-02-12 06:07:25.128395,East,Online
T00505,C0057,P040,Food,141.27,5,2026-02-12 12:07:25.128395,East,Online
T00506,C0029,P049,Clothing,158.5,4,2026-02-12 18:07:25.128395,North,Mobile
T00507,C0078,P007,Electronics,33.44,4,2026-02-13 00:07:25.128395,West,Online
T00508,C0092,P001,Clothing,12.53,2,2026-02-13 06:07:25.128395,South,Mobile
T00509,C0069,P032,Sports,117.55,3,2026-02-13 12:07:25.128395,West,Retail
T00510,C0047,P013,Electronics,18.99,3,2026-02-13 18:07:25.128395,South,Online
T00511,C0094,P030,Food,40.26,1,2026-02-14 00:07:25.128395,North,Retail
T00512,C0062,P023,Clothing,10.31,1,2026-02-14 06:07:25.128395,North,Retail
T00513,C0069,P019,Books,101.57,5,2026-02-14 12:07:25.128395,South,Online
T00514,C0076,P032,Books,24.63,2,2026-02-14 18:07:25.128395,South,Mobile
T00515,C0016,P030,Sports,95.2,1,2026-02-15 00:07:25.128395,South,Online
T00516,C0090,P029,Books,393.73,1,2026-02-15 06:07:25.128395,West,Retail
T00517,C0090,P049,Clothing,16.04,2,2026-02-15 12:07:25.128395,South,Retail
T00518,C0048,P045,Clothing,16.42,5,2026-02-15 18:07:25.128395,North,Mobile
T00519,C0085,P029,Books,43.29,1,2026-02-16 00:07:25.128395,North,Online
T00520,C0039,P030,Clothing,171.02,5,2026-02-16 06:07:25.128395,East,Retail
T00521,C0100,P016,Sports,29.42,4,2026-02-16 12:07:25.128395,South,Retail
T00522,C0033,P040,Electronics,45.75,5,2026-02-16 18:07:25.128395,West,Retail
T00523,C0094,P019,Sports,15.68,3,2026-02-17 00:07:25.128395,West,Mobile
T00524,C0023,P018,Sports,125.23,3,2026-02-17 06:07:25.128395,West,Retail
T00525,C0010,P001,Clothing,51.98,5,2026-02-17 12:07:25.128395,East,Retail
T00526,C0069,P014,Electronics,123.92,3,2026-02-17 18:07:25.128395,North,Online
T00527,C0100,P047,Clothing,197.15,4,2026-02-18 00:07:25.128395,West,Online
T00528,C0034,P050,Food,31.2,2,2026-02-18 06:07:25.128395,North,Retail
T00529,C0052,P002,Clothing,141.77,3,2026-02-18 12:07:25.128395,East,Retail
T00530,C0095,P028,Clothing,14.87,3,2026-02-18 18:07:25.128395,South,Online
T00531,C0010,P049,Clothing,193.29,5,2026-02-19 00:07:25.128395,South,Mobile
T00532,C0019,P050,Electronics,94.16,4,2026-02-19 06:07:25.128395,South,Mobile
T00533,C0058,P030,Clothing,175.86,2,2026-02-19 12:07:25.128395,West,Mobile
T00534,C0096,P038,Electronics,10.02,5,2026-02-19 18:07:25.128395,South,Mobile
T00535,C0001,P004,Books,24.82,5,2026-02-20 00:07:25.128395,West,Mobile
T00536,C0069,P001,Food,49.51,4,2026-02-20 06:07:25.128395,East,Mobile
T00537,C0004,P008,Electronics,48.18,2,2026-02-20 12:07:25.128395,East,Mobile
T00538,C0016,P029,Books,30.57,4,2026-02-20 18:07:25.128395,West,Mobile
T00539,C0024,P039,Electronics,48.45,2,2026-02-21 00:07:25.128395,North,Online
T00540,C0080,P003,Electronics,21.04,4,2026-02-21 06:07:25.128395,South,Mobile
T00541,C0002,P032,Food,52.59,5,2026-02-21 12:07:25.128395,South,Mobile
T00542,C0092,P010,Sports,139.7,5,2026-02-21 18:07:25.128395,South,Mobile
T00543,C0032,P010,Sports,62.17,1,2026-02-22 00:07:25.128395,West,Retail
T00544,C0091,P019,Electronics,11.45,3,2026-02-22 06:07:25.128395,East,Online
T00545,C0084,P046,Clothing,53.78,4,2026-02-22 12:07:25.128395,South,Online
T00546,C0024,P034,Books,12.2,1,2026-02-22 18:07:25.128395,East,Online
T00547,C0012,P033,Clothing,281.09,3,2026-02-23 00:07:25.128395,South,Mobile
T00548,C0050,P023,Clothing,20.91,4,2026-02-23 06:07:25.128395,South,Mobile
T00549,C0035,P028,Electronics,108.39,2,2026-02-23 12:07:25.128395,West,Retail
T00550,C0033,P032,Electronics,298.29,3,2026-02-23 18:07:25.128395,North,Online
T00551,C0033,P050,Electronics,149.91,5,2026-02-24 00:07:25.128395,West,Mobile
T00552,C0061,P007,Electronics,106.14,1,2026-02-24 06:07:25.128395,South,Online
T00553,C0051,P029,Sports,156.34,3,2026-02-24 12:07:25.128395,South,Retail
T00554,C0043,P008,Electronics,330.5,3,2026-02-24 18:07:25.128395,North,Retail
T00555,C0012,P001,Sports,87.69,5,2026-02-25 00:07:25.128395,East,Retail
T00556,C0067,P003,Sports,75.53,4,2026-02-25 06:07:25.128395,East,Online
T00557,C0065,P024,Electronics,89.16,2,2026-02-25 12:07:25.128395,South,Mobile
T00558,C0033,P023,Food,70.86,5,2026-02-25 18:07:25.128395,East,Mobile
T00559,C0040,P008,Books,90.65,2,2026-02-26 00:07:25.128395,South,Retail
T00560,C0074,P047,Clothing,57.8,4,2026-02-26 06:07:25.128395,North,Mobile
T00561,C0043,P037,Sports,29.72,3,2026-02-26 12:07:25.128395,North,Retail
T00562,C0044,P003,Books,20.25,2,2026-02-26 18:07:25.128395,South,Online
T00563,C0029,P033,Food,15.66,1,2026-02-27 00:07:25.128395,North,Retail
T00564,C0013,P028,Clothing,34.45,1,2026-02-27 06:07:25.128395,West,Online
T00565,C0012,P047,Clothing,13.78,5,2026-02-27 12:07:25.128395,West,Retail
T00566,C0095,P008,Sports,76.99,4,2026-02-27 18:07:25.128395,North,Mobile
T00567,C0046,P034,Electronics,36.71,5,2026-02-28 00:07:25.128395,South,Mobile
T00568,C0002,P035,Food,149.23,5,2026-02-28 06:07:25.128395,South,Retail
T00569,C0035,P032,Sports,16.17,5,2026-02-28 12:07:25.128395,North,Mobile
T00570,C0087,P024,Food,30.53,1,2026-02-28 18:07:25.128395,East,Mobile
T00571,C0081,P014,Electronics,114.82,1,2026-03-01 00:07:25.128395,West,Mobile
T00572,C0090,P032,Electronics,83.07,5,2026-03-01 06:07:25.128395,East,Online
T00573,C0008,P046,Sports,15.33,1,2026-03-01 12:07:25.128395,South,Mobile
T00574,C0093,P043,Electronics,177.8,4,2026-03-01 18:07:25.128395,South,Online
T00575,C0026,P016,Books,177.82,5,2026-03-02 00:07:25.128395,East,Retail
T00576,C0074,P004,Clothing,42.09,1,2026-03-02 06:07:25.128395,North,Mobile
T00577,C0090,P037,Sports,43.29,2,2026-03-02 12:07:25.128395,East,Mobile
T00578,C0034,P021,Food,371.0,5,2026-03-02 18:07:25.128395,East,Mobile
T00579,C0007,P014,Books,88.72,5,2026-03-03 00:07:25.128395,West,Retail
T00580,C0068,P031,Sports,70.63,4,2026-03-03 06:07:25.128395,West,Online
T00581,C0058,P048,Electronics,155.69,3,2026-03-03 12:07:25.128395,East,Online
T00582,C0075,P018,Electronics,36.87,3,2026-03-03 18:07:25.128395,East,Mobile
T00583,C0029,P007,Electronics,54.85,4,2026-03-04 00:07:25.128395,South,Retail
T00584,C0036,P010,Electronics,34.93,4,2026-03-04 06:07:25.128395,West,Retail
T00585,C0089,P007,Food,134.53,4,2026-03-04 12:07:25.128395,West,Retail
T00586,C0021,P033,Books,78.14,3,2026-03-04 18:07:25.128395,South,Retail
T00587,C0036,P023,Clothing,96.03,4,2026-03-05 00:07:25.128395,North,Retail
T00588,C0010,P021,Food,33.26,1,2026-03-05 06:07:25.128395,West,Online
T00589,C0073,P019,Food,29.9,5,2026-03-05 12:07:25.128395,West,Online
T00590,C0024,P048,Clothing,63.61,5,2026-03-05 18:07:25.128395,North,Online
T00591,C0064,P019,Clothing,117.02,2,2026-03-06 00:07:25.128395,West,Mobile
T00592,C0099,P036,Electronics,69.6,2,2026-03-06 06:07:25.128395,West,Retail
T00593,C0049,P029,Food,12.66,5,2026-03-06 12:07:25.128395,North,Mobile
T00594,C0099,P018,Sports,172.33,1,2026-03-06 18:07:25.128395,North,Retail
T00595,C0036,P002,Clothing,15.35,3,2026-03-07 00:07:25.128395,East,Online
T00596,C0082,P001,Clothing,259.57,3,2026-03-07 06:07:25.128395,South,Mobile
T00597,C0096,P047,Books,12.04,1,2026-03-07 12:07:25.128395,South,Online
T00598,C0024,P005,Sports,104.85,3,2026-03-07 18:07:25.128395,North,Retail
T00599,C0023,P020,Sports,16.86,4,2026-03-08 00:07:25.128395,North,Retail
T00600,C0062,P011,Clothing,203.24,5,2026-03-08 06:07:25.128395,West,Retail
T00601,C0096,P042,Electronics,59.95,5,2026-03-08 12:07:25.128395,East,Online
T00602,C0037,P002,Books,21.84,1,2026-03-08 18:07:25.128395,East,Retail
T00603,C0012,P003,Sports,43.34,3,2026-03-09 00:07:25.128395,North,Online
T00604,C0055,P023,Clothing,24.41,2,2026-03-09 06:07:25.128395,West,Mobile
T00605,C0013,P012,Sports,24.96,2,2026-03-09 12:07:25.128395,West,Retail
T00606,C0023,P020,Books,246.69,3,2026-03-09 18:07:25.128395,South,Retail
T00607,C0089,P005,Books,57.14,2,2026-03-10 00:07:25.128395,South,Retail
T00608,C0099,P037,Food,134.4,1,2026-03-10 06:07:25.128395,West,Mobile
T00609,C0030,P038,Clothing,91.64,1,2026-03-10 12:07:25.128395,South,Retail
T00610,C0017,P030,Books,100.27,3,2026-03-10 18:07:25.128395,North,Online
T00611,C0062,P009,Food,21.3,2,2026-03-11 00:07:25.128395,West,Online
T00612,C0084,P034,Food,31.35,1,2026-03-11 06:07:25.128395,South,Retail
T00613,C0089,P044,Sports,133.62,1,2026-03-11 12:07:25.128395,East,Retail
T00614,C0086,P035,Sports,292.59,4,2026-03-11 18:07:25.128395,West,Mobile
T00615,C0013,P022,Food,34.38,4,2026-03-12 00:07:25.128395,West,Mobile
T00616,C0059,P044,Sports,35.35,1,2026-03-12 06:07:25.128395,East,Mobile
T00617,C0019,P024,Books,61.23,3,2026-03-12 12:07:25.128395,North,Retail
T00618,C0049,P017,Electronics,340.02,5,2026-03-12 18:07:25.128395,East,Mobile
T00619,C0100,P010,Books,35.06,5,2026-03-13 00:07:25.128395,West,Mobile
T00620,C0012,P030,Food,51.8,1,2026-03-13 06:07:25.128395,North,Online
T00621,C0061,P046,Food,187.67,1,2026-03-13 12:07:25.128395,South,Mobile
T00622,C0019,P023,Books,10.23,1,2026-03-13 18:07:25.128395,South,Online
T00623,C0076,P032,Sports,13.25,3,2026-03-14 00:07:25.128395,South,Online
T00624,C0009,P017,Sports,84.12,4,2026-03-14 06:07:25.128395,West,Mobile
T00625,C0071,P050,Food,200.34,1,2026-03-14 12:07:25.128395,East,Online
T00626,C0028,P017,Clothing,31.83,1,2026-03-14 18:07:25.128395,North,Retail
T00627,C0078,P014,Sports,60.74,2,2026-03-15 00:07:25.128395,South,Retail
T00628,C0095,P009,Books,57.89,3,2026-03-15 06:07:25.128395,North,Mobile
T00629,C0052,P040,Sports,61.24,1,2026-03-15 12:07:25.128395,West,Retail
T00630,C0083,P002,Books,87.94,2,2026-03-15 18:07:25.128395,South,Online
T00631,C0016,P045,Food,60.75,5,2026-03-16 00:07:25.128395,West,Retail
T00632,C0069,P025,Sports,57.46,1,2026-03-16 06:07:25.128395,East,Mobile
T00633,C0099,P039,Books,61.44,1,2026-03-16 12:07:25.128395,West,Mobile
T00634,C0012,P009,Food,81.5,2,2026-03-16 18:07:25.128395,West,Online
T00635,C0025,P022,Clothing,71.6,3,2026-03-17 00:07:25.128395,East,Mobile
T00636,C0052,P043,Books,164.01,1,2026-03-17 06:07:25.128395,North,Retail
T00637,C0085,P046,Clothing,14.06,5,2026-03-17 12:07:25.128395,East,Mobile
T00638,C0100,P004,Clothing,153.33,1,2026-03-17 18:07:25.128395,East,Online
T00639,C0053,P026,Electronics,158.59,5,2026-03-18 00:07:25.128395,West,Mobile
T00640,C0023,P029,Sports,36.83,4,2026-03-18 06:07:25.128395,North,Retail
T00641,C0016,P045,Books,59.72,4,2026-03-18 12:07:25.128395,South,Online
T00642,C0057,P034,Clothing,56.18,5,2026-03-18 18:07:25.128395,East,Retail
T00643,C0039,P023,Electronics,29.72,3,2026-03-19 00:07:25.128395,North,Online
T00644,C0053,P037,Food,50.44,1,2026-03-19 06:07:25.128395,East,Mobile
T00645,C0042,P011,Books,13.63,1,2026-03-19 12:07:25.128395,East,Online
T00646,C0058,P006,Clothing,36.04,4,2026-03-19 18:07:25.128395,East,Online
T00647,C0039,P018,Sports,145.72,5,2026-03-20 00:07:25.128395,East,Mobile
T00648,C0014,P021,Electronics,36.79,1,2026-03-20 06:07:25.128395,West,Retail
T00649,C0095,P042,Clothing,146.39,1,2026-03-20 12:07:25.128395,North,Mobile
T00650,C0005,P036,Sports,70.67,3,2026-03-20 18:07:25.128395,North,Online
T00651,C0035,P041,Clothing,179.53,2,2026-03-21 00:07:25.128395,North,Mobile
T00652,C0087,P038,Books,78.41,4,2026-03-21 06:07:25.128395,East,Online
T00653,C0093,P034,Books,12.41,4,2026-03-21 12:07:25.128395,West,Mobile
T00654,C0075,P017,Books,100.02,2,2026-03-21 18:07:25.128395,East,Mobile
T00655,C0018,P037,Electronics,13.67,1,2026-03-22 00:07:25.128395,East,Retail
T00656,C0076,P025,Books,57.91,3,2026-03-22 06:07:25.128395,North,Online
T00657,C0009,P038,Sports,222.09,3,2026-03-22 12:07:25.128395,East,Retail
T00658,C0074,P012,Clothing,24.45,4,2026-03-22 18:07:25.128395,South,Online
T00659,C0058,P023,Food,49.53,3,2026-03-23 00:07:25.128395,East,Mobile
T00660,C0017,P042,Sports,114.71,2,2026-03-23 06:07:25.128395,South,Online
T00661,C0007,P022,Sports,181.14,1,2026-03-23 12:07:25.128395,East,Retail
T00662,C0046,P021,Books,98.92,2,2026-03-23 18:07:25.128395,West,Retail
T00663,C0013,P027,Electronics,33.89,5,2026-03-24 00:07:25.128395,West,Retail
T00664,C0040,P031,Clothing,99.82,4,2026-03-24 06:07:25.128395,North,Online
T00665,C0042,P006,Electronics,38.16,3,2026-03-24 12:07:25.128395,East,Retail
T00666,C0009,P027,Clothing,111.39,5,2026-03-24 18:07:25.128395,South,Retail
T00667,C0050,P040,Clothing,256.39,3,2026-03-25 00:07:25.128395,South,Retail
T00668,C0027,P034,Electronics,112.24,1,2026-03-25 06:07:25.128395,East,Mobile
T00669,C0066,P012,Sports,168.95,1,2026-03-25 12:07:25.128395,South,Mobile
T00670,C0005,P045,Clothing,10.17,1,2026-03-25 18:07:25.128395,West,Online
T00671,C0029,P007,Electronics,111.15,3,2026-03-26 00:07:25.128395,South,Online
T00672,C0037,P010,Clothing,151.56,5,2026-03-26 06:07:25.128395,North,Retail
T00673,C0038,P045,Food,13.31,1,2026-03-26 12:07:25.128395,West,Mobile
T00674,C0083,P017,Sports,174.21,5,2026-03-26 18:07:25.128395,West,Retail
T00675,C0008,P026,Books,33.73,3,2026-03-27 00:07:25.128395,West,Retail
T00676,C0065,P021,Clothing,97.56,5,2026-03-27 06:07:25.128395,East,Mobile
T00677,C0086,P028,Food,138.9,3,2026-03-27 12:07:25.128395,East,Mobile
T00678,C0017,P046,Books,96.93,3,2026-03-27 18:07:25.128395,West,Mobile
T00679,C0071,P002,Books,17.75,4,2026-03-28 00:07:25.128395,East,Online
T00680,C0089,P043,Clothing,82.57,3,2026-03-28 06:07:25.128395,South,Online
T00681,C0045,P001,Electronics,73.81,3,2026-03-28 12:07:25.128395,East,Retail
T00682,C0004,P036,Clothing,194.46,2,2026-03-28 18:07:25.128395,East,Online
T00683,C0036,P026,Food,51.43,1,2026-03-29 00:07:25.128395,West,Mobile
T00684,C0070,P029,Books,40.98,4,2026-03-29 06:07:25.128395,North,Mobile
T00685,C0031,P021,Clothing,120.86,4,2026-03-29 12:07:25.128395,North,Online
T00686,C0019,P011,Electronics,52.57,4,2026-03-29 18:07:25.128395,North,Retail
T00687,C0061,P040,Clothing,93.1,2,2026-03-30 00:07:25.128395,South,Retail
T00688,C0054,P011,Sports,93.18,3,2026-03-30 06:07:25.128395,East,Online
T00689,C0039,P036,Electronics,185.17,1,2026-03-30 12:07:25.128395,North,Retail
T00690,C0091,P049,Food,83.04,5,2026-03-30 18:07:25.128395,West,Retail
T00691,C0074,P039,Books,65.8,3,2026-03-31 00:07:25.128395,North,Retail
T00692,C0090,P040,Clothing,21.96,2,2026-03-31 06:07:25.128395,North,Mobile
T00693,C0019,P035,Electronics,19.84,3,2026-03-31 12:07:25.128395,East,Mobile
T00694,C0039,P034,Sports,23.41,3,2026-03-31 18:07:25.128395,East,Online
T00695,C0067,P047,Electronics,25.08,2,2026-04-01 00:07:25.128395,East,Mobile
T00696,C0045,P024,Sports,91.26,4,2026-04-01 06:07:25.128395,South,Retail
T00697,C0013,P022,Food,118.07,4,2026-04-01 12:07:25.128395,South,Mobile
T00698,C0092,P005,Books,70.4,1,2026-04-01 18:07:25.128395,North,Online
T00699,C0058,P033,Food,151.3,1,2026-04-02 00:07:25.128395,East,Mobile
T00700,C0020,P036,Clothing,389.22,4,2026-04-02 06:07:25.128395,North,Retail
T00701,C0092,P047,Electronics,147.19,5,2026-04-02 12:07:25.128395,West,Retail
T00702,C0072,P020,Sports,104.96,3,2026-04-02 18:07:25.128395,West,Online
T00703,C0061,P019,Sports,70.83,5,2026-04-03 00:07:25.128395,East,Mobile
T00704,C0039,P035,Electronics,57.66,3,2026-04-03 06:07:25.128395,East,Mobile
T00705,C0001,P043,Electronics,17.05,4,2026-04-03 12:07:25.128395,West,Mobile
T00706,C0003,P017,Clothing,50.78,1,2026-04-03 18:07:25.128395,East,Retail
T00707,C0077,P045,Food,202.76,1,2026-04-04 00:07:25.128395,South,Online
T00708,C0092,P043,Sports,142.03,5,2026-04-04 06:07:25.128395,South,Mobile
T00709,C0062,P034,Clothing,29.47,1,2026-04-04 12:07:25.128395,East,Retail
T00710,C0063,P009,Food,60.28,4,2026-04-04 18:07:25.128395,West,Retail
T00711,C0025,P026,Clothing,145.74,5,2026-04-05 00:07:25.128395,North,Retail
T00712,C0056,P002,Sports,15.58,3,2026-04-05 06:07:25.128395,East,Mobile
T00713,C0033,P009,Electronics,49.2,1,2026-04-05 12:07:25.128395,East,Mobile
T00714,C0038,P009,Electronics,162.76,2,2026-04-05 18:07:25.128395,North,Mobile
T00715,C0006,P040,Food,51.39,1,2026-04-06 00:07:25.128395,East,Mobile
T00716,C0058,P017,Books,16.46,3,2026-04-06 06:07:25.128395,North,Mobile
T00717,C0044,P001,Food,72.56,5,2026-04-06 12:07:25.128395,West,Mobile
T00718,C0045,P025,Books,168.29,3,2026-04-06 18:07:25.128395,South,Mobile
T00719,C0032,P043,Clothing,81.38,2,2026-04-07 00:07:25.128395,West,Mobile
T00720,C0045,P040,Clothing,30.52,4,2026-04-07 06:07:25.128395,South,Mobile
T00721,C0061,P042,Sports,48.79,1,2026-04-07 12:07:25.128395,North,Retail
T00722,C0047,P025,Books,57.84,5,2026-04-07 18:07:25.128395,South,Mobile
T00723,C0021,P039,Sports,79.26,4,2026-04-08 00:07:25.128395,West,Online
T00724,C0080,P035,Electronics,123.95,3,2026-04-08 06:07:25.128395,South,Retail
T00725,C0085,P003,Books,18.33,5,2026-04-08 12:07:25.128395,North,Mobile
T00726,C0075,P050,Food,186.33,4,2026-04-08 18:07:25.128395,South,Online
T00727,C0036,P037,Electronics,10.99,5,2026-04-09 00:07:25.128395,East,Mobile
T00728,C0099,P044,Electronics,46.97,2,2026-04-09 06:07:25.128395,West,Online
T00729,C0019,P044,Food,12.22,2,2026-04-09 12:07:25.128395,East,Online
T00730,C0020,P030,Electronics,49.93,1,2026-04-09 18:07:25.128395,North,Online
T00731,C0057,P038,Books,69.69,1,2026-04-10 00:07:25.128395,South,Online
T00732,C0018,P034,Sports,67.34,2,2026-04-10 06:07:25.128395,East,Retail
T00733,C0047,P012,Electronics,24.49,5,2026-04-10 12:07:25.128395,East,Retail
T00734,C0049,P019,Books,93.02,2,2026-04-10 18:07:25.128395,South,Online
T00735,C0014,P037,Clothing,13.66,1,2026-04-11 00:07:25.128395,South,Mobile
T00736,C0015,P044,Books,124.81,2,2026-04-11 06:07:25.128395,West,Online
T00737,C0031,P049,Sports,244.46,2,2026-04-11 12:07:25.128395,East,Retail
T00738,C0001,P017,Books,43.21,5,2026-04-11 18:07:25.128395,East,Mobile
T00739,C0054,P010,Food,68.26,4,2026-04-12 00:07:25.128395,North,Retail
T00740,C0003,P049,Sports,48.1,1,2026-04-12 06:07:25.128395,West,Retail
T00741,C0016,P047,Clothing,10.54,5,2026-04-12 12:07:25.128395,North,Mobile
T00742,C0087,P012,Food,49.0,2,2026-04-12 18:07:25.128395,East,Online
T00743,C0057,P016,Books,135.51,2,2026-04-13 00:07:25.128395,North,Online
T00744,C0075,P024,Sports,82.51,4,2026-04-13 06:07:25.128395,East,Online
T00745,C0012,P019,Clothing,18.54,1,2026-04-13 12:07:25.128395,East,Online
T00746,C0074,P008,Food,160.26,1,2026-04-13 18:07:25.128395,North,Mobile
T00747,C0096,P031,Clothing,70.59,3,2026-04-14 00:07:25.128395,North,Mobile
T00748,C0016,P021,Books,157.47,1,2026-04-14 06:07:25.128395,South,Mobile
T00749,C0072,P017,Clothing,79.44,4,2026-04-14 12:07:25.128395,South,Retail
T00750,C0076,P023,Electronics,75.62,3,2026-04-14 18:07:25.128395,South,Mobile
T00751,C0024,P037,Food,18.9,3,2026-04-15 00:07:25.128395,East,Online
T00752,C0028,P016,Clothing,24.65,2,2026-04-15 06:07:25.128395,North,Retail
T00753,C0008,P006,Books,296.12,2,2026-04-15 12:07:25.128395,West,Online
T00754,C0092,P008,Books,30.75,1,2026-04-15 18:07:25.128395,East,Online
T00755,C0036,P025,Clothing,313.37,3,2026-04-16 00:07:25.128395,West,Mobile
T00756,C0090,P018,Books,70.73,2,2026-04-16 06:07:25.128395,North,Mobile
T00757,C0008,P025,Sports,21.68,4,2026-04-16 12:07:25.128395,East,Online
T00758,C0058,P012,Sports,18.37,2,2026-04-16 18:07:25.128395,West,Online
T00759,C0060,P015,Sports,28.74,2,2026-04-17 00:07:25.128395,West,Retail
T00760,C0050,P026,Electronics,217.9,3,2026-04-17 06:07:25.128395,South,Mobile
T00761,C0028,P041,Clothing,52.78,3,2026-04-17 12:07:25.128395,South,Retail
T00762,C0092,P045,Electronics,50.26,5,2026-04-17 18:07:25.128395,South,Retail
T00763,C0041,P026,Books,40.06,4,2026-04-18 00:07:25.128395,East,Retail
T00764,C0100,P047,Electronics,22.73,3,2026-04-18 06:07:25.128395,North,Online
T00765,C0064,P032,Books,63.53,1,2026-04-18 12:07:25.128395,North,Retail
T00766,C0027,P010,Books,21.15,4,2026-04-18 18:07:25.128395,South,Retail
T00767,C0063,P016,Food,154.38,4,2026-04-19 00:07:25.128395,South,Online
T00768,C0017,P007,Sports,47.01,3,2026-04-19 06:07:25.128395,South,Mobile
T00769,C0073,P017,Books,47.58,4,2026-04-19 12:07:25.128395,West,Mobile
T00770,C0033,P023,Food,61.4,3,2026-04-19 18:07:25.128395,South,Retail
T00771,C0084,P026,Sports,56.98,2,2026-04-20 00:07:25.128395,West,Online
T00772,C0077,P021,Books,431.62,5,2026-04-20 06:07:25.128395,North,Mobile
T00773,C0092,P022,Books,73.06,2,2026-04-20 12:07:25.128395,East,Retail
T00774,C0029,P007,Electronics,17.39,3,2026-04-20 18:07:25.128395,East,Retail
T00775,C0013,P014,Electronics,84.69,3,2026-04-21 00:07:25.128395,East,Online
T00776,C0046,P015,Sports,23.15,2,2026-04-21 06:07:25.128395,East,Retail
T00777,C0035,P007,Books,12.51,1,2026-04-21 12:07:25.128395,West,Mobile
T00778,C0006,P009,Clothing,292.53,1,2026-04-21 18:07:25.128395,West,Online
T00779,C0082,P048,Electronics,128.81,1,2026-04-22 00:07:25.128395,South,Mobile
T00780,C0069,P008,Sports,323.4,3,2026-04-22 06:07:25.128395,West,Mobile
T00781,C0047,P050,Books,61.99,4,2026-04-22 12:07:25.128395,South,Mobile
T00782,C0025,P023,Books,70.79,3,2026-04-22 18:07:25.128395,South,Retail
T00783,C0066,P029,Clothing,24.75,4,2026-04-23 00:07:25.128395,East,Retail
T00784,C0010,P018,Sports,32.69,2,2026-04-23 06:07:25.128395,West,Mobile
T00785,C0056,P031,Books,155.88,5,2026-04-23 12:07:25.128395,West,Mobile
T00786,C0030,P030,Electronics,45.23,4,2026-04-23 18:07:25.128395,South,Online
T00787,C0005,P039,Clothing,150.27,1,2026-04-24 00:07:25.128395,South,Online
T00788,C0033,P035,Sports,108.76,3,2026-04-24 06:07:25.128395,North,Retail
T00789,C0065,P018,Clothing,25.6,2,2026-04-24 12:07:25.128395,North,Retail
T00790,C0018,P042,Electronics,66.65,1,2026-04-24 18:07:25.128395,South,Online
T00791,C0096,P039,Sports,100.5,2,2026-04-25 00:07:25.128395,North,Mobile
T00792,C0049,P017,Clothing,31.43,5,2026-04-25 06:07:25.128395,North,Retail
T00793,C0011,P014,Food,152.08,3,2026-04-25 12:07:25.128395,South,Mobile
T00794,C0085,P031,Electronics,72.97,3,2026-04-25 18:07:25.128395,South,Online
T00795,C0026,P024,Electronics,24.45,5,2026-04-26 00:07:25.128395,West,Retail
T00796,C0063,P035,Electronics,79.97,3,2026-04-26 06:07:25.128395,South,Retail
T00797,C0089,P044,Food,662.71,4,2026-04-26 12:07:25.128395,South,Online
T00798,C0086,P045,Food,23.05,2,2026-04-26 18:07:25.128395,East,Retail
T00799,C0059,P034,Books,145.76,1,2026-04-27 00:07:25.128395,West,Online
